Date,Count,Cells Quantified,Brightness List,Bright Field Area,Signal Area,Total Brightness,Median Cell Brightness,90% Confidence Interval
2026-04-28 17:45:48.563441,613,"[  1   2   3   4   5   6   7   8   9  10  11  12  13  14  15  16  17  18
  19  20  21  22  23  24  25  26  27  28  29  30  31  32  33  34  35  36
  37  38  39  40  41  42  43  44  45  46  47  48  49  50  51  52  53  54
  55  56  57  58  59  60  61  62  63  64  65  66  67  68  69  70  71  72
  73  74  75  76  77  78  79  80  81  82  83  84  85  86  87  88  89  90
  91  92  93  94  95  96  97  98  99 100 101 102 103 104 105 106 107 108
 109 110 111 112 113 114 115 116 117 118 119 120 121 122 123 124 125 126
 127 128 129 130 131 132 133 134 135 136 137 138 139 140 141 142 143 144
 145 146 147 148 149 150 151 152 153 154 155 156 157 158 159 160 161 162
 163 164 165 166 167 168 169 170 171 172 173 174 175 176 177 178 179 180
 181 182 183 184 185 186 187 188 189 190 191 192 193 194 195 196 197 198
 199 200 201 202 203 204 205 206 207 208 209 210 211 212 213 214 215 216
 217 218 219 220 221 222 223 224 225 226 227 228 229 230 231 232 233 234
 235 236 237 238 239 240 241 242 243 244 245 246 247 248 249 250 251 252
 253 254 255 256 257 258 259 260 261 262 263 264 265 266 267 268 269 270
 271 272 273 274 275 276 277 278 279 280 281 282 283 284 285 286 287 288
 289 290 291 292 293 294 295 296 297 298 299 300 301 302 303 304 305 306
 307 308 309 310 311 312 313 314 315 316 317 318 319 320 321 322 323 324
 325 326 327 328 329 330 331 332 333 334 335 336 337 338 339 340 341 342
 343 344 345 346 347 348 349 350 351 352 353 354 355 356 357 358 359 360
 361 362 363 364 365 366 367 368 369 370 371 372 373 374 375 376 377 378
 379 380 381 382 383 384 385 386 387 388 389 390 391 392 393 394 395 396
 397 398 399 400 401 402 403 404 405 406 407 408 409 410 411 412 413 414
 415 416 417 418 419 420 421 422 423 424 425 426 427 428 429 430 431 432
 433 434 435 436 437 438 439 440 441 442 443 444 445 446 447 448 449 450
 451 452 453 454 455 456 457 458 459 460 461 462 463 464 465 466 467 468
 469 470 471 472 473 474 475 476 477 478 479 480 481 482 483 484 485 486
 487 488 489 490 491 492 493 494 495 496 497 498 499 500 501 502 503 504
 505 506 507 508 509 510 511 512 513 514 515 516 517 518 519 520 521 522
 523 524 525 526 527 528 529 530 531 532 533 534 535 536 537 538 539 540
 541 542 543 544 545 546 547 548 549 550 551 552 553 554 555 556 557 558
 559 560 561 562 563 564 565 566 567 568 569 570 571 572 573 574 575 576
 577 578 579 580 581 582 583 584 585 586 587 588 589 590 591 592 593 594
 595 596 597 598 599 600 601 602 603 604 605 606 607 608 609 610 611 612
 613]","{'1': np.float64(0.02483660130718954), '2': np.float64(0.19514066496163682), '3': np.float64(0.05098039215686275), '4': np.float64(0.5075490196078432), '5': np.float64(0.011764705882352941), '6': np.float64(0.03411764705882353), '7': np.float64(0.3301693404634581), '8': np.float64(0.07384026781444285), '9': np.float64(0.05637254901960784), '10': np.float64(0.13481717011128777), '11': np.float64(0.07999999999999999), '12': np.float64(0.05019607843137255), '13': np.float64(0.08313725490196079), '14': np.float64(0.06100217864923748), '15': np.float64(0.21672216056233812), '16': np.float64(0.0680926916221034), '17': np.float64(0.21499131298088853), '18': np.float64(0.46507610037021807), '19': np.float64(0.2699940582293523), '20': np.float64(0.04869281045751633), '21': np.float64(0.10560224089635853), '22': np.float64(0.10747549019607844), '23': np.float64(0.15506343713956167), '24': np.float64(0.022745098039215685), '25': np.float64(0.032352941176470584), '26': np.float64(0.04627450980392157), '27': np.float64(0.09691876750700279), '28': np.float64(0.11732693077230892), '29': np.float64(0.014005602240896359), '30': np.float64(0.035897435897435895), '31': np.float64(0.03137254901960784), '32': np.float64(0.028186274509803922), '33': np.float64(0.24567798950566144), '34': np.float64(0.03372549019607843), '35': np.float64(0.05867269984917044), '36': np.float64(0.026470588235294117), '37': np.float64(0.022222222222222223), '38': np.float64(0.03137254901960784), '39': np.float64(0.04183006535947712), '40': np.float64(0.02745098039215686), '41': np.float64(0.047058823529411764), '42': np.float64(0.260957324106113), '43': np.float64(0.0196078431372549), '44': np.float64(0.013725490196078431), '45': np.float64(0.050980392156862744), '46': np.float64(0.08095238095238096), '47': np.float64(0.08186274509803922), '48': np.float64(0.07679738562091502), '49': np.float64(0.05958254269449715), '50': np.float64(0.03986928104575163), '51': np.float64(0.03398692810457516), '52': np.float64(0.01764705882352941), '53': np.float64(0.26748366013071895), '54': np.float64(0.040522875816993466), '55': np.float64(0.0696078431372549), '56': np.float64(0.06078431372549018), '57': np.float64(0.06764705882352941), '58': np.float64(0.1538987688098495), '59': np.float64(0.04873949579831933), '60': np.float64(0.06483660130718953), '61': np.float64(0.06797385620915032), '62': np.float64(0.06862745098039216), '63': np.float64(0.06535947712418301), '64': np.float64(0.46663196251952105), '65': np.float64(0.04033613445378152), '66': np.float64(0.02923351158645276), '67': np.float64(0.11319073083778966), '68': np.float64(0.10726998491704375), '69': np.float64(0.03686274509803922), '70': np.float64(0.03753501400560224), '71': np.float64(0.04052287581699346), '72': np.float64(0.09124183006535946), '73': np.float64(0.0792792792792793), '74': np.float64(0.06117647058823529), '75': np.float64(0.07102396514161219), '76': np.float64(0.17874762808349143), '77': np.float64(0.056862745098039215), '78': np.float64(0.16587400917813933), '79': np.float64(0.37808219178082186), '80': np.float64(0.13031674208144797), '81': np.float64(0.08104575163398693), '82': np.float64(0.23357843137254902), '83': np.float64(0.12436974789915964), '84': np.float64(0.069002920317063), '85': np.float64(0.21296518607442977), '86': np.float64(0.027450980392156862), '87': np.float64(0.09296424452133793), '88': np.float64(0.13565722585330428), '89': np.float64(0.04357298474945534), '90': np.float64(0.24705882352941178), '91': np.float64(0.04901960784313725), '92': np.float64(0.10261437908496733), '93': np.float64(0.09467787114845938), '94': np.float64(0.06361655773420478), '95': np.float64(0.054411764705882354), '96': np.float64(0.2689370485036119), '97': np.float64(0.15623529411764706), '98': np.float64(0.039869281045751624), '99': np.float64(0.09536107125777141), '100': np.float64(0.06633986928104575), '101': np.float64(0.036601307189542485), '102': np.float64(0.40258742672326664), '103': np.float64(0.07980392156862744), '104': np.float64(0.22395108581066836), '105': np.float64(0.026143790849673203), '106': np.float64(0.2987138941598144), '107': np.float64(0.061764705882352944), '108': np.float64(0.04836601307189542), '109': np.float64(0.08235294117647057), '110': np.float64(0.0677361853832442), '111': np.float64(0.11843137254901959), '112': np.float64(0.025668449197860963), '113': np.float64(0.11868747498999599), '114': np.float64(0.047058823529411764), '115': np.float64(0.24878697241608508), '116': np.float64(0.05647058823529412), '117': np.float64(0.18630890952872375), '118': np.float64(0.39014580191050774), '119': np.float64(0.07855020796197267), '120': np.float64(0.1586312956555171), '121': np.float64(0.053159041394335506), '122': np.float64(0.03050108932461874), '123': np.float64(0.09019607843137253), '124': np.float64(0.012745098039215686), '125': np.float64(0.050980392156862744), '126': np.float64(0.025490196078431372), '127': np.float64(0.029411764705882353), '128': np.float64(0.03764705882352941), '129': np.float64(0.03790849673202614), '130': np.float64(0.04313725490196078), '131': np.float64(0.0392156862745098), '132': np.float64(0.03529411764705882), '133': np.float64(0.3904675716440422), '134': np.float64(0.04575163398692811), '135': np.float64(0.029411764705882353), '136': np.float64(0.21361655773420477), '137': np.float64(0.09515570934256054), '138': np.float64(0.3642619311875693), '139': np.float64(0.044444444444444446), '140': np.float64(0.07581699346405228), '141': np.float64(0.0891503267973856), '142': np.float64(0.04670231729055258), '143': np.float64(0.2779956427015251), '144': np.float64(0.07156862745098039), '145': np.float64(0.08832866479925303), '146': np.float64(0.03686274509803922), '147': np.float64(0.28199822642624883), '148': np.float64(0.038655462184873944), '149': np.float64(0.11470588235294117), '150': np.float64(0.4296487825899591), '151': np.float64(0.0784313725490196), '152': np.float64(0.03137254901960784), '153': np.float64(0.18343475321162947), '154': np.float64(0.0407843137254902), '155': np.float64(0.039705882352941174), '156': np.float64(0.28862745098039216), '157': np.float64(0.03372549019607843), '158': np.float64(0.04862745098039215), '159': np.float64(0.03686274509803922), '160': np.float64(0.05294117647058824), '161': np.float64(0.24276121407467097), '162': np.float64(0.047058823529411764), '163': np.float64(0.041176470588235294), '164': np.float64(0.058823529411764705), '165': np.float64(0.061274509803921566), '166': np.float64(0.12237305178481647), '167': np.float64(0.0942329873125721), '168': np.float64(0.09368191721132897), '169': np.float64(0.15900850906400293), '170': np.float64(0.07490196078431373), '171': np.float64(0.03137254901960785), '172': np.float64(0.023529411764705882), '173': np.float64(0.027450980392156862), '174': np.float64(0.054901960784313725), '175': np.float64(0.5347042882193529), '176': np.float64(0.14942932396839334), '177': np.float64(0.06640522875816993), '178': np.float64(0.08644501278772379), '179': np.float64(0.03137254901960784), '180': np.float64(0.18187599364069953), '181': np.float64(0.029411764705882353), '182': np.float64(0.04411764705882352), '183': np.float64(0.023529411764705882), '184': np.float64(0.06778711484593837), '185': np.float64(0.45560583207642036), '186': np.float64(0.01764705882352941), '187': np.float64(0.04313725490196078), '188': np.float64(0.049019607843137254), '189': np.float64(0.18078927773641099), '190': np.float64(0.2069670421360033), '191': np.float64(0.025490196078431372), '192': np.float64(0.028104575163398694), '193': np.float64(0.03333333333333333), '194': np.float64(0.035294117647058816), '195': np.float64(0.03417366946778711), '196': np.float64(0.03861236802413273), '197': np.float64(0.14617985125084515), '198': np.float64(0.06300653594771241), '199': np.float64(0.11257208765859286), '200': np.float64(0.07394957983193277), '201': np.float64(0.08549019607843136), '202': np.float64(0.27736185383244205), '203': np.float64(0.39551083591331265), '204': np.float64(0.13238265002970886), '205': np.float64(0.05518207282913166), '206': np.float64(0.08888888888888888), '207': np.float64(0.013725490196078431), '208': np.float64(0.05322128851540616), '209': np.float64(0.08104575163398693), '210': np.float64(0.30032085561497335), '211': np.float64(0.24700722394220842), '212': np.float64(0.08573975044563281), '213': np.float64(0.18695324283559572), '214': np.float64(0.06778711484593837), '215': np.float64(0.044117647058823525), '216': np.float64(0.11852941176470588), '217': np.float64(0.05697808535178777), '218': np.float64(0.09174093879976232), '219': np.float64(0.08976034858387799), '220': np.float64(0.24908496732026142), '221': np.float64(0.0673202614379085), '222': np.float64(0.0611764705882353), '223': np.float64(0.46025437201907804), '224': np.float64(0.18061413244543095), '225': np.float64(0.021568627450980392), '226': np.float64(0.0392156862745098), '227': np.float64(0.049554367201426024), '228': np.float64(0.04156862745098039), '229': np.float64(0.043137254901960784), '230': np.float64(0.029411764705882353), '231': np.float64(0.05322128851540616), '232': np.float64(0.056862745098039215), '233': np.float64(0.050980392156862744), '234': np.float64(0.047058823529411764), '235': np.float64(0.0392156862745098), '236': np.float64(0.05522875816993464), '237': np.float64(0.01764705882352941), '238': np.float64(0.036601307189542485), '239': np.float64(0.07058823529411765), '240': np.float64(0.11717647058823528), '241': np.float64(0.1661064425770308), '242': np.float64(0.07771836007130126), '243': np.float64(0.045098039215686274), '244': np.float64(0.029803921568627455), '245': np.float64(0.01764705882352941), '246': np.float64(0.02287581699346405), '247': np.float64(0.04862745098039215), '248': np.float64(0.09181084198385236), '249': np.float64(0.27727418836387013), '250': np.float64(0.03137254901960784), '251': np.float64(0.011764705882352941), '252': np.float64(0.013725490196078431), '253': np.float64(0.4799421407907426), '254': np.float64(0.0392156862745098), '255': np.float64(0.023529411764705882), '256': np.float64(0.08797385620915035), '257': np.float64(0.04862745098039215), '258': np.float64(0.026330532212885147), '259': np.float64(0.22005179430262667), '260': np.float64(0.06470588235294118), '261': np.float64(0.07450980392156863), '262': np.float64(0.02980392156862745), '263': np.float64(0.05228758169934641), '264': np.float64(0.13287733698130416), '265': np.float64(0.05686274509803921), '266': np.float64(0.05490196078431372), '267': np.float64(0.050420168067226885), '268': np.float64(0.06143790849673203), '269': np.float64(0.05588235294117647), '270': np.float64(0.059383753501400564), '271': np.float64(0.06274509803921569), '272': np.float64(0.0784313725490196), '273': np.float64(0.03725490196078431), '274': np.float64(0.05098039215686275), '275': np.float64(0.08653594771241829), '276': np.float64(0.07058823529411765), '277': np.float64(0.09299719887955181), '278': np.float64(0.15969761398535318), '279': np.float64(0.06143790849673203), '280': np.float64(0.5362917096663227), '281': np.float64(0.07450980392156863), '282': np.float64(0.11513725490196078), '283': np.float64(0.5390756302521008), '284': np.float64(0.10588235294117647), '285': np.float64(0.09372549019607843), '286': np.float64(0.5387171817879693), '287': np.float64(0.1511111111111111), '288': np.float64(0.15379679144385025), '289': np.float64(0.16096256684491977), '290': np.float64(0.15078431372549017), '291': np.float64(0.3949579831932773), '292': np.float64(0.11078431372549019), '293': np.float64(0.06757164404223227), '294': np.float64(0.03398692810457516), '295': np.float64(0.07692307692307693), '296': np.float64(0.10980392156862744), '297': np.float64(0.03431372549019608), '298': np.float64(0.047058823529411764), '299': np.float64(0.06013071895424837), '300': np.float64(0.03529411764705882), '301': np.float64(0.053921568627450976), '302': np.float64(0.07941176470588235), '303': np.float64(0.06339869281045751), '304': np.float64(0.3518300653594771), '305': np.float64(0.09281045751633989), '306': np.float64(0.10049019607843138), '307': np.float64(0.049019607843137254), '308': np.float64(0.04588235294117647), '309': np.float64(0.07189542483660132), '310': np.float64(0.08128342245989305), '311': np.float64(0.09292412617220801), '312': np.float64(0.28000852514919006), '313': np.float64(0.023529411764705882), '314': np.float64(0.20407535563244902), '315': np.float64(0.34780578898225956), '316': np.float64(0.19837908496732024), '317': np.float64(0.11932773109243698), '318': np.float64(0.2748114630467572), '319': np.float64(0.256282794808064), '320': np.float64(0.05602240896358544), '321': np.float64(0.052941176470588235), '322': np.float64(0.03398692810457516), '323': np.float64(0.4049652118912081), '324': np.float64(0.2863305322128851), '325': np.float64(0.11248710010319918), '326': np.float64(0.138393421884883), '327': np.float64(0.23394607843137255), '328': np.float64(0.02418300653594771), '329': np.float64(0.04901960784313725), '330': np.float64(0.0392156862745098), '331': np.float64(0.034509803921568626), '332': np.float64(0.19855072463768114), '333': np.float64(0.040522875816993466), '334': np.float64(0.052549019607843125), '335': np.float64(0.049019607843137254), '336': np.float64(0.07156862745098039), '337': np.float64(0.05735294117647059), '338': np.float64(0.05228758169934641), '339': np.float64(0.18424492604059167), '340': np.float64(0.4426006191950465), '341': np.float64(0.06143790849673203), '342': np.float64(0.03333333333333333), '343': np.float64(0.05333333333333333), '344': np.float64(0.06392156862745098), '345': np.float64(0.036601307189542485), '346': np.float64(0.04618736383442265), '347': np.float64(0.030196078431372553), '348': np.float64(0.01568627450980392), '349': np.float64(0.016339869281045753), '350': np.float64(0.043137254901960784), '351': np.float64(0.2821991541714725), '352': np.float64(0.03333333333333333), '353': np.float64(0.026143790849673203), '354': np.float64(0.07450980392156864), '355': np.float64(0.22258064516129028), '356': np.float64(0.03333333333333333), '357': np.float64(0.11232492997198881), '358': np.float64(0.06666666666666667), '359': np.float64(0.31236802413273), '360': np.float64(0.07372549019607842), '361': np.float64(0.057952069716775606), '362': np.float64(0.0673202614379085), '363': np.float64(0.07058823529411765), '364': np.float64(0.03529411764705882), '365': np.float64(0.01764705882352941), '366': np.float64(0.050980392156862744), '367': np.float64(0.5094544748592507), '368': np.float64(0.03790849673202614), '369': np.float64(0.03672014260249554), '370': np.float64(0.050980392156862744), '371': np.float64(0.05098039215686275), '372': np.float64(0.030392156862745098), '373': np.float64(0.047058823529411764), '374': np.float64(0.047549019607843135), '375': np.float64(0.059125188536953255), '376': np.float64(0.07675070028011205), '377': np.float64(0.051470588235294115), '378': np.float64(0.038431372549019606), '379': np.float64(0.048366013071895426), '380': np.float64(0.11593765711412765), '381': np.float64(0.09730392156862745), '382': np.float64(0.3124951941560937), '383': np.float64(0.023529411764705882), '384': np.float64(0.03137254901960784), '385': np.float64(0.49747899159663866), '386': np.float64(0.19440522875816993), '387': np.float64(0.5269456236102689), '388': np.float64(0.01699346405228758), '389': np.float64(0.020043572984749455), '390': np.float64(0.03865546218487396), '391': np.float64(0.04607843137254902), '392': np.float64(0.28363261093911246), '393': np.float64(0.10209601081812034), '394': np.float64(0.07119155354449472), '395': np.float64(0.400186741363212), '396': np.float64(0.03725490196078431), '397': np.float64(0.05620915032679738), '398': np.float64(0.11081232492997199), '399': np.float64(0.06987522281639928), '400': np.float64(0.04089635854341737), '401': np.float64(0.07770177838577291), '402': np.float64(0.3241830065359477), '403': np.float64(0.058823529411764705), '404': np.float64(0.05), '405': np.float64(0.062309368191721136), '406': np.float64(0.06823529411764706), '407': np.float64(0.048529411764705876), '408': np.float64(0.06352941176470589), '409': np.float64(0.05563725490196078), '410': np.float64(0.057254901960784324), '411': np.float64(0.10441176470588236), '412': np.float64(0.047843137254901955), '413': np.float64(0.021960784313725484), '414': np.float64(0.07886710239651415), '415': np.float64(0.05392156862745098), '416': np.float64(0.07777777777777778), '417': np.float64(0.057843137254901957), '418': np.float64(0.07712418300653595), '419': np.float64(0.01568627450980392), '420': np.float64(0.027450980392156862), '421': np.float64(0.029411764705882353), '422': np.float64(0.0392156862745098), '423': np.float64(0.2457516339869281), '424': np.float64(0.1370242214532872), '425': np.float64(0.17685631629701057), '426': np.float64(0.029411764705882353), '427': np.float64(0.029411764705882353), '428': np.float64(0.043137254901960784), '429': np.float64(0.1537696768848384), '430': np.float64(0.10684273709483792), '431': np.float64(0.08148148148148146), '432': np.float64(0.25501089324618736), '433': np.float64(0.03529411764705882), '434': np.float64(0.0669683257918552), '435': np.float64(0.027450980392156862), '436': np.float64(0.051960784313725486), '437': np.float64(0.04392156862745098), '438': np.float64(0.040522875816993466), '439': np.float64(0.0392156862745098), '440': np.float64(0.0588235294117647), '441': np.float64(0.053832442067736186), '442': np.float64(0.12113289760348582), '443': np.float64(0.08179271708683473), '444': np.float64(0.355656108597285), '445': np.float64(0.11108597285067875), '446': np.float64(0.10664136622390892), '447': np.float64(0.09196078431372548), '448': np.float64(0.0596078431372549), '449': np.float64(0.03790849673202614), '450': np.float64(0.07407407407407408), '451': np.float64(0.10035650623885915), '452': np.float64(0.052941176470588235), '453': np.float64(0.053475935828877004), '454': np.float64(0.043697478991596636), '455': np.float64(0.02901960784313725), '456': np.float64(0.04042232277526395), '457': np.float64(0.0392156862745098), '458': np.float64(0.04183006535947712), '459': np.float64(0.023529411764705882), '460': np.float64(0.036274509803921565), '461': np.float64(0.04196078431372549), '462': np.float64(0.0392156862745098), '463': np.float64(0.05490196078431373), '464': np.float64(0.06274509803921569), '465': np.float64(0.1012404961984794), '466': np.float64(0.06056644880174292), '467': np.float64(0.06601307189542484), '468': np.float64(0.07873303167420814), '469': np.float64(0.10748663101604276), '470': np.float64(0.06176470588235294), '471': np.float64(0.08898944193061839), '472': np.float64(0.028758169934640518), '473': np.float64(0.03006535947712418), '474': np.float64(0.04183006535947712), '475': np.float64(0.05607843137254903), '476': np.float64(0.04226579520697168), '477': np.float64(0.4049980776624376), '478': np.float64(0.0196078431372549), '479': np.float64(0.043137254901960784), '480': np.float64(0.024400871459694988), '481': np.float64(0.029411764705882353), '482': np.float64(0.026143790849673203), '483': np.float64(0.029411764705882353), '484': np.float64(0.023529411764705882), '485': np.float64(0.041176470588235294), '486': np.float64(0.03843137254901961), '487': np.float64(0.03398692810457516), '488': np.float64(0.047058823529411764), '489': np.float64(0.07233115468409586), '490': np.float64(0.0553921568627451), '491': np.float64(0.036601307189542485), '492': np.float64(0.1513840830449827), '493': np.float64(0.0580392156862745), '494': np.float64(0.0611764705882353), '495': np.float64(0.056862745098039215), '496': np.float64(0.13086834733893557), '497': np.float64(0.023529411764705882), '498': np.float64(0.026666666666666665), '499': np.float64(0.01437908496732026), '500': np.float64(0.01647058823529412), '501': np.float64(0.018627450980392157), '502': np.float64(0.021568627450980392), '503': np.float64(0.1633986928104575), '504': np.float64(0.05714285714285715), '505': np.float64(0.2512708787218591), '506': np.float64(0.027450980392156862), '507': np.float64(0.05054466230936819), '508': np.float64(0.2563983488132095), '509': np.float64(0.01764705882352941), '510': np.float64(0.03529411764705882), '511': np.float64(0.1061437908496732), '512': np.float64(0.06946778711484594), '513': np.float64(0.046078431372549015), '514': np.float64(0.048366013071895426), '515': np.float64(0.06143790849673203), '516': np.float64(0.08291316526610645), '517': np.float64(0.024509803921568627), '518': np.float64(0.027450980392156862), '519': np.float64(0.0392156862745098), '520': np.float64(0.03965141612200436), '521': np.float64(0.043137254901960784), '522': np.float64(0.043137254901960784), '523': np.float64(0.051960784313725486), '524': np.float64(0.044705882352941186), '525': np.float64(0.06143790849673203), '526': np.float64(0.05490196078431373), '527': np.float64(0.19165085388994302), '528': np.float64(0.2512477718360071), '529': np.float64(0.20532212885154055), '530': np.float64(0.20702922678505362), '531': np.float64(0.021350762527233114), '532': np.float64(0.2535294117647059), '533': np.float64(0.011764705882352941), '534': np.float64(0.027843137254901958), '535': np.float64(0.047058823529411764), '536': np.float64(0.20452069716775598), '537': np.float64(0.1781699346405229), '538': np.float64(0.019607843137254895), '539': np.float64(0.027450980392156862), '540': np.float64(0.045098039215686274), '541': np.float64(0.19398334676336287), '542': np.float64(0.09896193771626297), '543': np.float64(0.06470588235294118), '544': np.float64(0.03300653594771242), '545': np.float64(0.031092436974789913), '546': np.float64(0.05098039215686274), '547': np.float64(0.07254901960784314), '548': np.float64(0.04145658263305323), '549': np.float64(0.04215686274509804), '550': np.float64(0.03480392156862745), '551': np.float64(0.21058823529411763), '552': np.float64(0.04852941176470588), '553': np.float64(0.04549019607843137), '554': np.float64(0.05630252100840335), '555': np.float64(0.03529411764705882), '556': np.float64(0.054901960784313725), '557': np.float64(0.05555555555555555), '558': np.float64(0.02091503267973856), '559': np.float64(0.16399666249478514), '560': np.float64(0.06176470588235293), '561': np.float64(0.047058823529411764), '562': np.float64(0.09137254901960783), '563': np.float64(0.07647058823529412), '564': np.float64(0.12164261931187569), '565': np.float64(0.05577342047930283), '566': np.float64(0.05714285714285715), '567': np.float64(0.09176470588235296), '568': np.float64(0.07450980392156863), '569': np.float64(0.08067226890756303), '570': np.float64(0.0588235294117647), '571': np.float64(0.05620915032679739), '572': np.float64(0.054901960784313725), '573': np.float64(0.16484762579730686), '574': np.float64(0.39928698752228164), '575': np.float64(0.05007541478129713), '576': np.float64(0.044117647058823525), '577': np.float64(0.07886710239651415), '578': np.float64(0.047058823529411764), '579': np.float64(0.051764705882352935), '580': np.float64(0.30755619320899086), '581': np.float64(0.05980392156862745), '582': np.float64(0.08235294117647059), '583': np.float64(0.28617768094892276), '584': np.float64(0.14654731457800507), '585': np.float64(0.07731092436974789), '586': np.float64(0.03686274509803922), '587': np.float64(0.017194570135746604), '588': np.float64(0.07363834422657953), '589': np.float64(0.0711484593837535), '590': np.float64(0.1855787476280835), '591': np.float64(0.030392156862745098), '592': np.float64(0.027450980392156862), '593': np.float64(0.03333333333333333), '594': np.float64(0.15282583621683965), '595': np.float64(0.22782446311858076), '596': np.float64(0.021033868092691622), '597': np.float64(0.03137254901960784), '598': np.float64(0.14483660130718953), '599': np.float64(0.022549019607843137), '600': np.float64(0.023529411764705882), '601': np.float64(0.043627450980392155), '602': np.float64(0.1333333333333333), '603': np.float64(0.03193277310924369), '604': np.float64(0.03137254901960784), '605': np.float64(0.25691985532076905), '606': np.float64(0.022969187675070026), '607': np.float64(0.0453781512605042), '608': np.float64(0.050980392156862744), '609': np.float64(0.06091503267973855), '610': np.float64(0.15908850026497084), '611': np.float64(0.027450980392156866), '612': np.float64(0.03215686274509803), '613': np.float64(0.01870286576168929)}",193032,14654,3098.1137254901964,0.05867269984917044,"[np.float64(0.021568627450980392), np.float64(0.31717031910803506)]"
