experiment_id,status,error,magnification,seeding_density,virus,cargo,dose_vg/well,image_time_h,receptor,bf_file,r_file,g_file,bf_area,r_area,r_intensity,r_filter,g_area,overlapping_area,overlap_r,overlap_g,g_intensity_all,g_intensity_overlap
1,ok,,4x,50000,AAV6,EGFP,50000000000.0,48,EGFRvIII,Image001.tif,Image002.tif,Image003.tif,152820,11557,0.15759602447884058,False,54547,5516,0.47728649303452453,0.10112380149229105,0.7198555518051171,0.7703308734661377
2,ok,,4x,50000,AAV6,EGFP,50000000000.0,48,EGFRvIII,Image004.tif,Image005.tif,Image006.tif,144481,9025,0.1961236217478681,False,62083,5390,0.5972299168975069,0.08681925808997633,0.754931933310025,0.8349448870457273
3,ok,,4x,50000,AAV6,EGFP,50000000000.0,48,EGFRvIII,Image007.tif,Image008.tif,Image009.tif,146380,8571,0.16016114531216757,False,56511,3768,0.4396219810990549,0.06667728406858842,0.7167064125290895,0.7572509470879646
4,ok,,4x,50000,AAV6,EGFP,25000000000.0,48,EGFRvIII,Image010.tif,Image011.tif,Image012.tif,139295,10635,0.17522645353392885,False,45279,5332,0.501363422661025,0.1177587844254511,0.5897448888784957,0.6635445626112411
5,ok,,4x,50000,AAV6,EGFP,25000000000.0,48,EGFRvIII,Image013.tif,Image014.tif,Image015.tif,120479,8123,0.15629790017693646,False,45333,4580,0.5638310968853871,0.10103015463348995,0.6050026319397677,0.6718623169791934
6,ok,,4x,50000,AAV6,EGFP,25000000000.0,48,EGFRvIII,Image016.tif,Image017.tif,Image018.tif,94438,5727,0.1337044683422522,False,31499,2640,0.46097433211105293,0.08381218451379409,0.5317991420829421,0.5449747474747474
7,ok,,4x,50000,AAV6,EGFP,5000000000.0,48,EGFRvIII,Image019.tif,Image020.tif,Image021.tif,135149,12279,0.18625454905473876,False,38083,4162,0.3389526834432771,0.10928760864427697,0.3948812526612409,0.4983982059907096
8,ok,,4x,50000,AAV6,EGFP,5000000000.0,48,EGFRvIII,Image022.tif,Image023.tif,Image024.tif,112191,8450,0.16918064740689173,False,35192,3367,0.3984615384615385,0.09567515344396453,0.3758887937989472,0.49970008793538206
9,ok,,4x,50000,AAV6,EGFP,5000000000.0,48,EGFRvIII,Image025.tif,Image026.tif,Image027.tif,129449,11079,0.18858182500367235,False,35054,4727,0.42666305623251194,0.13484908997546644,0.38561513496823385,0.459360287377062
10,ok,,4x,50000,AAV6,EGFP,2500000000.0,48,EGFRvIII,Image028.tif,Image029.tif,Image030.tif,165814,13539,0.16397422696089292,False,29198,3388,0.2502400472708472,0.11603534488663607,0.33078199017123117,0.4357582702502489
11,ok,,4x,50000,AAV6,EGFP,2500000000.0,48,EGFRvIII,Image031.tif,Image032.tif,Image033.tif,129296,10127,0.171944539640681,False,32219,5306,0.5239458872321516,0.16468543406064745,0.3287809105454156,0.4528887016548044
12,ok,,4x,50000,AAV6,EGFP,2500000000.0,48,EGFRvIII,Image034.tif,Image035.tif,Image036.tif,124857,10658,0.18129436049142872,False,29053,2959,0.27763182585851004,0.1018483461260455,0.3458201812374005,0.46012630128090437
13,ok,,4x,50000,AAV6,EGFP,50000000000.0,48,Control,Image037.tif,Image038.tif,Image039.tif,106477,0,0.011786492374727672,True,47451,0,,0.0,0.6842999651653036,
14,ok,,4x,50000,AAV6,EGFP,50000000000.0,48,Control,Image040.tif,Image041.tif,Image042.tif,99153,0,0.011778457380817857,True,39834,0,,0.0,0.711886288883179,
15,ok,,4x,50000,AAV6,EGFP,50000000000.0,48,Control,Image043.tif,Image044.tif,Image045.tif,110326,0,0.026158756185400988,True,51010,0,,0.0,0.7125610126426575,
16,ok,,4x,50000,AAV6,EGFP,25000000000.0,48,Control,Image046.tif,Image047.tif,Image048.tif,90729,0,0.01176398194500248,True,28805,0,,0.0,0.5516406125025951,
17,ok,,4x,50000,AAV6,EGFP,25000000000.0,48,Control,Image049.tif,Image050.tif,Image051.tif,106718,0,0.011764705882352944,True,39784,0,,0.0,0.5390078975487239,
18,ok,,4x,50000,AAV6,EGFP,25000000000.0,48,Control,Image052.tif,Image053.tif,Image054.tif,98748,0,0.011764705882352943,True,37759,0,,0.0,0.5658019981212113,
19,ok,,4x,50000,AAV6,EGFP,5000000000.0,48,Control,Image055.tif,Image056.tif,Image057.tif,112880,0,0.011764705882352943,True,33884,0,,0.0,0.3712353103205631,
20,ok,,4x,50000,AAV6,EGFP,5000000000.0,48,Control,Image058.tif,Image059.tif,Image060.tif,110208,0,0.011764705882352941,True,34432,0,,0.0,0.36177803137983816,
21,ok,,4x,50000,AAV6,EGFP,5000000000.0,48,Control,Image061.tif,Image062.tif,Image063.tif,100037,0,0.011772520885596171,True,28980,0,,0.0,0.3379009188216349,
22,ok,,4x,50000,AAV6,EGFP,2500000000.0,48,Control,Image064.tif,Image065.tif,Image066.tif,115520,0,0.011774325429272283,True,26896,0,,0.0,0.2844137476525411,
23,ok,,4x,50000,AAV6,EGFP,2500000000.0,48,Control,Image067.tif,Image068.tif,Image069.tif,107421,0,0.011546227897175059,True,20487,0,,0.0,0.27169213953946886,
24,ok,,4x,50000,AAV6,EGFP,2500000000.0,48,Control,Image070.tif,Image071.tif,Image072.tif,95674,0,0.011764705882352944,True,21231,0,,0.0,0.27048184258866753,
25,ok,,4x,50000,AAV9,EGFP,50000000000.0,48,EGFRvIII,Image073.tif,Image074.tif,Image075.tif,160975,10952,0.1609719417350578,False,18825,4236,0.38677867056245435,0.2250199203187251,0.2532725047522329,0.30764409635431134
26,ok,,4x,50000,AAV9,EGFP,50000000000.0,48,EGFRvIII,Image076.tif,Image077.tif,Image078.tif,152397,9232,0.16142105889149422,False,13927,1846,0.19995667244367418,0.13254828749910247,0.2530776021186101,0.3566418116542392
27,ok,,4x,50000,AAV9,EGFP,50000000000.0,48,EGFRvIII,Image079.tif,Image080.tif,Image081.tif,130534,9545,0.1715453116815086,False,15958,2321,0.2431639601885804,0.1454442912645695,0.2793057265518064,0.33178565695989726
28,ok,,4x,50000,AAV9,EGFP,25000000000.0,48,EGFRvIII,Image082.tif,Image083.tif,Image084.tif,141676,9121,0.1425935838648583,False,10187,592,0.06490516390746628,0.0581132816334544,0.18622773738925236,0.22447005829358768
29,ok,,4x,50000,AAV9,EGFP,25000000000.0,48,EGFRvIII,Image085.tif,Image086.tif,Image087.tif,128533,8969,0.1857080707185316,False,11655,2659,0.29646560374623704,0.22814242814242813,0.23360537007595833,0.3288528047548467
30,ok,,4x,50000,AAV9,EGFP,25000000000.0,48,EGFRvIII,Image088.tif,Image089.tif,Image090.tif,136607,8304,0.17108976538592316,False,10777,928,0.11175337186897881,0.08610930685719588,0.192428683452596,0.22202924273157537
31,ok,,4x,50000,AAV9,EGFP,5000000000.0,48,EGFRvIII,Image091.tif,Image092.tif,Image093.tif,161285,12193,0.183713252380424,False,8958,970,0.07955384236857213,0.1082830989060058,0.12558738163718267,0.1221629270264807
32,ok,,4x,50000,AAV9,EGFP,5000000000.0,48,EGFRvIII,Image094.tif,Image095.tif,Image096.tif,113765,7493,0.1581193427591242,False,7065,1441,0.1923128253036167,0.20396319886765746,0.12103687051607623,0.1235198867888585
33,ok,,4x,50000,AAV9,EGFP,5000000000.0,48,EGFRvIII,Image097.tif,Image098.tif,Image099.tif,123163,10527,0.1884625342489993,False,9131,1908,0.18124821886577372,0.2089584930456686,0.12669316549311652,0.13357380688124304
34,ok,,4x,50000,AAV9,EGFP,2500000000.0,48,EGFRvIII,Image100.tif,Image101.tif,Image102.tif,153473,10418,0.16382731245694668,False,6049,456,0.04377039738913419,0.07538436105141345,0.1196587347122681,0.12005503955968354
35,ok,,4x,50000,AAV9,EGFP,2500000000.0,48,EGFRvIII,Image103.tif,Image104.tif,Image105.tif,105604,5962,0.13507508337115456,False,6590,1198,0.20093928212009393,0.18179059180576632,0.13603261031271383,0.14051196438508623
36,ok,,4x,50000,AAV9,EGFP,2500000000.0,48,EGFRvIII,Image106.tif,Image107.tif,Image108.tif,119790,7735,0.14903735249756014,False,5887,787,0.10174531351001939,0.13368438933242738,0.12685978077318916,0.12765777213045318
37,ok,,4x,50000,AAV9,EGFP,50000000000.0,48,Control,Image109.tif,Image110.tif,Image111.tif,109750,0,0.011764705882352944,True,14089,0,,0.0,0.2670722118075707,
38,ok,,4x,50000,AAV9,EGFP,50000000000.0,48,Control,Image112.tif,Image113.tif,Image114.tif,103223,0,0.011764705882352943,True,11708,0,,0.0,0.26158651366252006,
39,ok,,4x,50000,AAV9,EGFP,50000000000.0,48,Control,Image115.tif,Image116.tif,Image117.tif,123840,0,0.012309881918730177,True,16286,0,,0.0,0.2912965063220425,
40,ok,,4x,50000,AAV9,EGFP,25000000000.0,48,Control,Image118.tif,Image119.tif,Image120.tif,104927,0,0.010855829651943028,True,14225,0,,0.0,0.18119631965264138,
41,ok,,4x,50000,AAV9,EGFP,25000000000.0,48,Control,Image121.tif,Image122.tif,Image123.tif,107693,0,0.011764705882352943,True,12732,0,,0.0,0.19124361651666635,
42,ok,,4x,50000,AAV9,EGFP,25000000000.0,48,Control,Image124.tif,Image125.tif,Image126.tif,107043,0,0.011291952884873243,True,7458,0,,0.0,0.20178200537388458,
43,ok,,4x,50000,AAV9,EGFP,5000000000.0,48,Control,Image127.tif,Image128.tif,Image129.tif,85351,0,0.01176915664688302,True,8997,0,,0.0,0.13237004927568446,
44,ok,,4x,50000,AAV9,EGFP,5000000000.0,48,Control,Image130.tif,Image131.tif,Image132.tif,100292,0,0.011549496726816757,True,10010,0,,0.0,0.13411803882392115,
45,ok,,4x,50000,AAV9,EGFP,5000000000.0,48,Control,Image133.tif,Image134.tif,Image135.tif,106671,0,0.011764705882352944,True,8732,0,,0.0,0.12617462926535708,
46,ok,,4x,50000,AAV9,EGFP,2500000000.0,48,Control,Image136.tif,Image137.tif,Image138.tif,88097,0,0.011817029942700025,True,3645,0,,0.0,0.13230049221334622,
47,ok,,4x,50000,AAV9,EGFP,2500000000.0,48,Control,Image139.tif,Image140.tif,Image141.tif,105696,0,0.011768217865899301,True,5323,0,,0.0,0.13535121356451651,
48,ok,,4x,50000,AAV9,EGFP,2500000000.0,48,Control,Image142.tif,Image143.tif,Image144.tif,98154,0,0.011764705882352943,True,4256,0,,0.0,0.12822220993660624,
